{"cameraMode":{"drawMode":0,"name":"Shaded","section":"Shading Mode"},"sceneLighting":false,"audioPlay":false,"sceneViewState":{"showFog":false,"showMaterialUpdate":false,"showSkybox":false,"showFlares":false,"showImageEffects":false,"showParticleSystems":false},"in2DMode":false,"pivot":{"x":0.7409557104110718,"y":0.92999267578125,"z":1.6211079359054566},"rotation":{"x":-0.23072920739650727,"y":0.10832330584526062,"z":-0.025855252519249917,"w":-0.9666287899017334},"size":0.6123724579811096,"orthographic":false}