{"cameraMode":{"drawMode":0,"name":"Shaded","section":"Shading Mode"},"sceneLighting":false,"audioPlay":false,"sceneViewState":{"showFog":false,"showMaterialUpdate":false,"showSkybox":false,"showFlares":false,"showImageEffects":false,"showParticleSystems":false},"in2DMode":false,"pivot":{"x":-0.9987437725067139,"y":3.5017995834350588,"z":-0.35314637422561648},"rotation":{"x":-0.128383070230484,"y":-0.8395134806632996,"z":0.22585926949977876,"w":-0.4772172272205353},"size":0.2089981734752655,"orthographic":false}