{"cameraMode":{"drawMode":0,"name":"Shaded","section":"Shading Mode"},"sceneLighting":true,"audioPlay":false,"sceneViewState":{"showFog":false,"showMaterialUpdate":false,"showSkybox":false,"showFlares":false,"showImageEffects":false,"showParticleSystems":false},"in2DMode":false,"pivot":{"x":1.2088596820831299,"y":2.827665328979492,"z":-0.790630578994751},"rotation":{"x":-0.36141231656074526,"y":0.2792913317680359,"z":-0.11441817879676819,"w":-0.8822163343429565},"size":1.7660253047943116,"orthographic":false}