{"cameraMode":{"drawMode":0,"name":"Shaded","section":"Shading Mode"},"sceneLighting":false,"audioPlay":false,"sceneViewState":{"showFog":false,"showMaterialUpdate":false,"showSkybox":false,"showFlares":false,"showImageEffects":false,"showParticleSystems":false},"in2DMode":false,"pivot":{"x":-0.4549029767513275,"y":1.5435235500335694,"z":-0.631935179233551},"rotation":{"x":-0.23101335763931275,"y":0.6499629020690918,"z":-0.2174181342124939,"w":-0.6905948519706726},"size":1.7660253047943116,"orthographic":false}